iterations,fitness,time
10-5,8.6,0.0285275294
20-10,8.8,0.0346892038
40-20,8.4,0.048250233
80-40,8.0,0.0723324728
120-60,8.2,0.1044560032
200-100,8.6,0.1487739972
