iterations,fitness,time
10-5,42.6,0.8370547916
20-10,53.4,0.892284483
40-20,52.8,1.0741868522
80-40,49.6,1.4669119414
120-60,52.0,1.819868397
200-100,52.8,2.650725837
