iterations,fitness,accuracy,train_time,test_time
10,348,71.1656441718,0.250999927521,0.0179998874664
100,339,69.3251533742,1.35199999809,0.00999999046326
500,328,67.0756646217,5.81299996376,0.0090000629425
1000,328,67.0756646217,11.6970000267,0.0090000629425
2500,341,69.7341513292,29.25,0.0090000629425
5000,334,68.3026584867,58.5230000019,0.0090000629425
