iterations,fitness,accuracy,train_time,test_time
10,1164,79.1298436438,0.250999927521,0.0179998874664
100,1154,78.4500339905,1.35199999809,0.00999999046326
500,1068,72.6036709721,5.81299996376,0.0090000629425
1000,1055,71.7199184228,11.6970000267,0.0090000629425
2500,1083,73.6233854521,29.25,0.0090000629425
5000,1103,74.9830047587,58.5230000019,0.0090000629425
