iterations,fitness,accuracy,train_time,test_time
10,832,28.328226081,0.253000020981,0.0169999599457
100,1124,38.2703438883,1.34599995613,0.00999999046326
500,2312,78.7197820906,5.90300011635,0.00899982452393
1000,2279,77.596186585,11.6840000153,0.0090000629425
2500,2350,80.0136193395,29.496999979,0.0090000629425
5000,2419,82.3629553967,58.984000206,0.00899982452393
