iterations,fitness,accuracy,train_time,test_time
10,383,26.0367097213,0.253000020981,0.0169999599457
100,558,37.933378654,1.34599995613,0.00999999046326
500,1139,77.4303195105,5.90300011635,0.00899982452393
1000,1062,72.1957851801,11.6840000153,0.0090000629425
2500,1117,75.9347382733,29.496999979,0.0090000629425
5000,1096,74.5071380014,58.984000206,0.00899982452393
