iterations,fitness,time
10-5,132.8,10.1825536882
20-10,162.2,11.0480980704
40-20,175.4,12.3780028666
80-40,166.0,17.107297497
120-60,170.4,21.3487483964
200-100,172.2,30.3011382566
